game_pk,team,opp,home,slot,batter,name,bats,sp_id,sp_name,sp_hand,tbf,bp_r,p_start,lineup,p_hr,p_hr_if_start,p_hr2,p_pa_sp,p_pa_bp,exp_pa,exp_pa_sp,fair,park,temp,wind_out,plane_la,plane_slope,p_model,game_rank
849831,CWS,CLE,0,4,808959,Munetaka Murakami,L,668909,Gavin Williams,R,20.710526315789473,0.7200938232994527,0.972,projected,0.2016,0.1959,0.0165,0.0474,0.0494,4.41,2.33,396,1.06,70,0.0,19.3,steeper,0.1959,1
849831,CLE,CWS,1,4,666176,Jo Adell,R,680732,Sean Burke,R,20.06766917293233,0.6221963297407516,0.95,projected,0.1454,0.1495,0.0093,0.0382,0.037,4.23,2.32,588,0.892,70,0.0,18.9,average,0.1495,2
849831,CLE,CWS,1,2,608070,José Ramírez,S,680732,Sean Burke,R,20.06766917293233,0.6221963297407516,0.892,projected,0.1408,0.1513,0.0096,0.0385,0.0338,4.42,2.53,610,1.06,70,0.0,21.6,average,0.1513,3
849831,CWS,CLE,0,3,678246,Miguel Vargas,R,668909,Gavin Williams,R,20.710526315789473,0.7200938232994527,0.95,projected,0.1324,0.1357,0.0078,0.0301,0.0341,4.51,2.46,655,0.892,70,0.0,20.5,steeper,0.1357,4
849831,CWS,CLE,0,2,545341,Randal Grichuk,R,668909,Gavin Williams,R,20.710526315789473,0.7200938232994527,0.503,projected,0.1309,0.1321,0.0074,0.0286,0.0324,4.61,2.6,664,0.892,70,0.0,16.0,steeper,0.1321,5
849831,CLE,CWS,1,6,682657,Angel Martínez,S,680732,Sean Burke,R,20.06766917293233,0.6221963297407516,0.95,projected,0.1282,0.1057,0.0045,0.0293,0.0257,4.01,2.05,680,1.06,70,0.0,17.2,flatter,0.1057,6
849831,CWS,CLE,0,5,643217,Andrew Benintendi,L,668909,Gavin Williams,R,20.710526315789473,0.7200938232994527,0.541,projected,0.1254,0.1212,0.0061,0.0291,0.0303,4.3,2.28,697,1.06,70,0.0,20.7,flatter,0.1212,7
849831,CLE,CWS,1,5,663993,Nathaniel Lowe,L,680732,Sean Burke,R,20.06766917293233,0.6221963297407516,0.781,projected,0.1217,0.1163,0.0055,0.0316,0.0273,4.12,2.2,722,1.06,70,0.0,14.8,steeper,0.1163,8
849831,CWS,CLE,0,9,695657,Colson Montgomery,L,668909,Gavin Williams,R,20.710526315789473,0.7200938232994527,0.952,projected,0.1183,0.1394,0.0079,0.0376,0.0392,3.84,1.78,745,1.06,70,0.0,23.8,steeper,0.1394,9
849831,CLE,CWS,1,3,800050,Chase DeLauter,L,680732,Sean Burke,R,20.06766917293233,0.6221963297407516,0.885,projected,0.1181,0.1086,0.0048,0.0279,0.0242,4.32,2.41,747,1.06,70,0.0,12.6,steeper,0.1086,10
849831,CLE,CWS,1,6,681807,David Fry,R,680732,Sean Burke,R,20.06766917293233,0.6221963297407516,0.273,bench,0.1037,0.095,0.0036,0.025,0.0242,4.01,2.11,864,0.892,70,0.0,23.4,steeper,0.095,
849831,CWS,CLE,0,4,691019,Kyle Teel,L,668909,Gavin Williams,R,20.710526315789473,0.7200938232994527,0.95,projected,0.0987,0.0976,0.0039,0.0226,0.0236,4.41,2.36,913,1.06,70,0.0,16.0,average,0.0976,11
849831,CWS,CLE,0,6,671976,Tristan Peters,L,668909,Gavin Williams,R,20.710526315789473,0.7200938232994527,0.752,projected,0.0971,0.0861,0.003,0.0209,0.0217,4.19,2.06,930,1.06,70,0.0,17.5,flatter,0.0861,12
849831,CLE,CWS,1,7,683953,Travis Bazzana,L,680732,Sean Burke,R,20.06766917293233,0.6221963297407516,0.95,projected,0.0962,0.0964,0.0037,0.0276,0.0238,3.9,1.95,940,1.06,70,0.0,17.7,steeper,0.0964,13
849831,CLE,CWS,1,8,690984,Petey Halpin,L,680732,Sean Burke,R,20.06766917293233,0.6221963297407516,0.233,bench,0.0935,0.0995,0.0039,0.0295,0.0255,3.77,1.84,970,1.06,70,0.0,20.6,average,0.0995,
849831,CLE,CWS,1,8,682177,Daniel Schneemann,L,680732,Sean Burke,R,20.06766917293233,0.6221963297407516,0.108,bench,0.0923,0.0996,0.0039,0.0295,0.0255,3.77,1.84,983,1.06,70,0.0,13.3,average,0.0996,
849831,CLE,CWS,1,8,672275,Patrick Bailey,S,680732,Sean Burke,R,20.06766917293233,0.6221963297407516,0.617,projected,0.0806,0.0862,0.0029,0.0252,0.0221,3.77,1.85,1141,1.06,70,0.0,16.4,steeper,0.0862,14
849831,CWS,CLE,0,6,686668,Brenton Doyle,R,668909,Gavin Williams,R,20.710526315789473,0.7200938232994527,0.268,bench,0.0788,0.0795,0.0026,0.0184,0.0209,4.19,2.1,1169,0.892,70,0.0,5.7,average,0.0795,
849831,CWS,CLE,0,9,668670,Jake Rogers,R,668909,Gavin Williams,R,20.710526315789473,0.7200938232994527,0.04,bench,0.0765,0.0671,0.0018,0.0168,0.019,3.84,1.82,1207,0.892,70,0.0,17.8,steeper,0.0671,
849831,CLE,CWS,1,6,694197,Angel Genao,S,680732,Sean Burke,R,20.06766917293233,0.6221963297407516,0.168,bench,0.0699,0.077,0.0023,0.0211,0.0185,4.01,2.06,1331,1.06,70,0.0,2.5,flatter,0.077,
849831,CWS,CLE,0,2,502054,Tommy Pham,R,668909,Gavin Williams,R,20.710526315789473,0.7200938232994527,0.237,bench,0.0698,0.0768,0.0024,0.0162,0.0184,4.61,2.55,1333,0.892,70,0.0,8.9,steeper,0.0768,
849831,CWS,CLE,0,1,803011,Sam Antonacci,L,668909,Gavin Williams,R,20.710526315789473,0.7200938232994527,0.809,projected,0.0685,0.058,0.0014,0.0124,0.0129,4.72,2.71,1360,1.06,70,0.0,11.2,flatter,0.058,15
849831,CLE,CWS,1,9,677587,Brayan Rocchio,S,680732,Sean Burke,R,20.06766917293233,0.6221963297407516,0.839,projected,0.0681,0.0593,0.0013,0.0178,0.0156,3.65,1.76,1368,1.06,70,0.0,13.1,flatter,0.0593,16
849831,CLE,CWS,1,8,595978,Austin Hedges,R,680732,Sean Burke,R,20.06766917293233,0.6221963297407516,0.383,bench,0.0621,0.0686,0.0018,0.019,0.0184,3.77,1.89,1510,0.892,70,0.0,15.9,average,0.0686,
849831,CWS,CLE,0,8,695731,Braden Montgomery,S,668909,Gavin Williams,R,20.710526315789473,0.7200938232994527,0.952,projected,0.0545,0.0614,0.0015,0.0155,0.0163,3.96,1.89,1735,1.06,70,0.0,5.0,flatter,0.0614,17
849831,CWS,CLE,0,5,805367,Chase Meidroth,R,668909,Gavin Williams,R,20.710526315789473,0.7200938232994527,0.95,projected,0.0347,0.0395,0.0006,0.0088,0.01,4.3,2.21,2782,0.892,70,0.0,3.1,flatter,0.0395,18
849831,CLE,CWS,1,1,680757,Steven Kwan,L,680732,Sean Burke,R,20.06766917293233,0.6221963297407516,0.892,projected,0.0267,0.0289,0.0003,0.0068,0.0059,4.53,2.64,3645,1.06,70,0.0,12.1,flatter,0.0289,19
849831,CWS,CLE,0,8,682668,Luisangel Acuña,R,668909,Gavin Williams,R,20.710526315789473,0.7200938232994527,0.074,bench,0.0237,0.0395,0.0006,0.0095,0.0108,3.96,1.89,4119,0.892,70,0.0,-0.9,average,0.0395,
