team,player,action
# steelers.com, 2026-10-01: final TNF injury report lists Dowdle Out (toe)
PIT,Rico Dowdle,out
# steelers.com, 2026-10-01: final TNF injury report lists Wallace Out (knee)
CLE,Tylan Wallace,out
# nbcsports.com, 2026-09-30: torn ACL, placed on IR
MIA,De'Von Achane,out
# nbcsports.com, 2026-09-30: ankle, short-term IR
DEN,Jonah Coleman,out
# nbcsports.com, 2026-09-30: high-ankle sprain, on IR
NE,A.J. Brown,out
# nbcsports.com, 2026-09-30: high-ankle sprain, on IR
NYJ,Omar Cooper Jr.,out
# nbcsports.com, 2026-09-30: fractured wrist, surgery, on IR
BAL,Ja'Kobi Lane,out
# nbcsports.com, 2026-09-30: thumb, on IR
CIN,Andrei Iosivas,out
# nbcsports.com, 2026-09-30: knee, on IR
HOU,Tank Dell,out
# nbcsports.com, 2026-09-30: torn ACL, out for season
HOU,Jayden Higgins,out
# nbcsports.com, 2026-09-30: heel, on IR
IND,Alec Pierce,out
# nbcsports.com, 2026-09-30: forearm, on IR
LV,Jack Bech,out
# foxsports.com, 2026-10-04: Darnold (back from glute injury, started Wk3 per ESPN 09-27) listed SEA starter, no injury tag; feed's Drew Lock is stale
SEA,Sam Darnold,starter
