game_id,team,opp,player,player_id,pos,stat,mean,p10,p25,median,p75,p90
2025_21_LA_SEA,SEA,LA,Sam Darnold,00-0034869,QB,att,28.922,19.0,24.0,29.0,34.0,39.0
2025_21_LA_SEA,SEA,LA,Sam Darnold,00-0034869,QB,cmp,19.131,12.0,16.0,19.0,23.0,26.0
2025_21_LA_SEA,SEA,LA,Sam Darnold,00-0034869,QB,pass_yds,225.761,129.889,174.618,224.809,276.565,330.366
2025_21_LA_SEA,SEA,LA,Sam Darnold,00-0034869,QB,pass_td,1.442,0.0,1.0,1.0,2.0,3.0
2025_21_LA_SEA,SEA,LA,Sam Darnold,00-0034869,QB,ints,0.702,0.0,0.0,0.0,1.0,2.0
2025_21_LA_SEA,SEA,LA,Sam Darnold,00-0034869,QB,car,2.624,0.0,1.0,2.0,4.0,5.0
2025_21_LA_SEA,SEA,LA,Sam Darnold,00-0034869,QB,rush_yds,9.524,-1.0,0.0,5.545,14.51,26.318
2025_21_LA_SEA,SEA,LA,Sam Darnold,00-0034869,QB,tgt,0.0,0.0,0.0,0.0,0.0,0.0
2025_21_LA_SEA,SEA,LA,Sam Darnold,00-0034869,QB,rec,0.0,0.0,0.0,0.0,0.0,0.0
2025_21_LA_SEA,SEA,LA,Sam Darnold,00-0034869,QB,rec_yds,0.0,0.0,0.0,0.0,0.0,0.0
2025_21_LA_SEA,SEA,LA,Sam Darnold,00-0034869,QB,anytime_td,0.012,0.0,0.0,0.0,0.0,0.0
2025_21_LA_SEA,SEA,LA,AJ Barner,00-0039793,TE,car,0.585,0.0,0.0,0.0,0.0,2.0
2025_21_LA_SEA,SEA,LA,AJ Barner,00-0039793,TE,rush_yds,1.395,0.0,0.0,0.0,0.0,4.475
2025_21_LA_SEA,SEA,LA,AJ Barner,00-0039793,TE,tgt,4.204,1.0,2.0,4.0,6.0,8.0
2025_21_LA_SEA,SEA,LA,AJ Barner,00-0039793,TE,rec,3.01,1.0,1.0,3.0,4.0,6.0
2025_21_LA_SEA,SEA,LA,AJ Barner,00-0039793,TE,rec_yds,31.604,3.154,11.71,26.376,45.494,66.611
2025_21_LA_SEA,SEA,LA,AJ Barner,00-0039793,TE,anytime_td,0.274,0.0,0.0,0.0,1.0,1.0
2025_21_LA_SEA,SEA,LA,Jaxon Smith-Njigba,00-0038543,WR,car,0.317,0.0,0.0,0.0,0.0,1.0
2025_21_LA_SEA,SEA,LA,Jaxon Smith-Njigba,00-0038543,WR,rush_yds,1.893,0.0,0.0,0.0,0.0,3.293
2025_21_LA_SEA,SEA,LA,Jaxon Smith-Njigba,00-0038543,WR,tgt,10.111,5.0,7.0,10.0,13.0,15.0
2025_21_LA_SEA,SEA,LA,Jaxon Smith-Njigba,00-0038543,WR,rec,6.917,3.0,5.0,7.0,9.0,11.0
2025_21_LA_SEA,SEA,LA,Jaxon Smith-Njigba,00-0038543,WR,rec_yds,93.016,34.735,56.226,86.481,122.64,162.616
2025_21_LA_SEA,SEA,LA,Jaxon Smith-Njigba,00-0038543,WR,anytime_td,0.475,0.0,0.0,0.0,1.0,1.0
2025_21_LA_SEA,SEA,LA,Cooper Kupp,00-0033908,WR,car,0.008,0.0,0.0,0.0,0.0,0.0
2025_21_LA_SEA,SEA,LA,Cooper Kupp,00-0033908,WR,rush_yds,0.051,0.0,0.0,0.0,0.0,0.0
2025_21_LA_SEA,SEA,LA,Cooper Kupp,00-0033908,WR,tgt,4.859,2.0,3.0,4.0,6.0,9.0
2025_21_LA_SEA,SEA,LA,Cooper Kupp,00-0033908,WR,rec,3.225,1.0,2.0,3.0,4.0,6.0
2025_21_LA_SEA,SEA,LA,Cooper Kupp,00-0033908,WR,rec_yds,41.801,5.8,16.427,35.083,58.894,86.9
2025_21_LA_SEA,SEA,LA,Cooper Kupp,00-0033908,WR,anytime_td,0.197,0.0,0.0,0.0,0.0,1.0
2025_21_LA_SEA,SEA,LA,Kenneth Walker III,00-0038134,RB,car,15.545,8.0,11.0,15.0,20.0,24.0
2025_21_LA_SEA,SEA,LA,Kenneth Walker III,00-0038134,RB,rush_yds,74.695,26.987,43.4,67.334,98.505,132.011
2025_21_LA_SEA,SEA,LA,Kenneth Walker III,00-0038134,RB,tgt,3.06,1.0,1.0,3.0,4.0,6.0
2025_21_LA_SEA,SEA,LA,Kenneth Walker III,00-0038134,RB,rec,2.498,0.0,1.0,2.0,4.0,5.0
2025_21_LA_SEA,SEA,LA,Kenneth Walker III,00-0038134,RB,rec_yds,20.91,0.0,4.923,15.02,30.79,49.881
2025_21_LA_SEA,SEA,LA,Kenneth Walker III,00-0038134,RB,anytime_td,0.464,0.0,0.0,0.0,1.0,1.0
2025_21_LA_SEA,SEA,LA,Eric Saubert,00-0033576,TE,car,0.003,0.0,0.0,0.0,0.0,0.0
2025_21_LA_SEA,SEA,LA,Eric Saubert,00-0033576,TE,rush_yds,0.006,0.0,0.0,0.0,0.0,0.0
2025_21_LA_SEA,SEA,LA,Eric Saubert,00-0033576,TE,tgt,0.989,0.0,0.0,1.0,2.0,3.0
2025_21_LA_SEA,SEA,LA,Eric Saubert,00-0033576,TE,rec,0.689,0.0,0.0,0.0,1.0,2.0
2025_21_LA_SEA,SEA,LA,Eric Saubert,00-0033576,TE,rec_yds,7.184,0.0,0.0,0.0,10.573,22.982
2025_21_LA_SEA,SEA,LA,Eric Saubert,00-0033576,TE,anytime_td,0.022,0.0,0.0,0.0,0.0,0.0
2025_21_LA_SEA,SEA,LA,Rashid Shaheed,00-0037545,WR,car,0.84,0.0,0.0,0.0,1.0,3.0
2025_21_LA_SEA,SEA,LA,Rashid Shaheed,00-0037545,WR,rush_yds,4.858,0.0,0.0,0.0,2.63,17.408
2025_21_LA_SEA,SEA,LA,Rashid Shaheed,00-0037545,WR,tgt,3.775,1.0,2.0,3.0,5.0,7.0
2025_21_LA_SEA,SEA,LA,Rashid Shaheed,00-0037545,WR,rec,2.259,0.0,1.0,2.0,3.0,5.0
2025_21_LA_SEA,SEA,LA,Rashid Shaheed,00-0037545,WR,rec_yds,28.642,0.0,8.191,21.857,42.35,64.937
2025_21_LA_SEA,SEA,LA,Rashid Shaheed,00-0037545,WR,anytime_td,0.103,0.0,0.0,0.0,0.0,1.0
2025_21_LA_SEA,SEA,LA,George Holani,00-0039299,RB,car,4.907,1.0,2.0,4.0,7.0,10.0
2025_21_LA_SEA,SEA,LA,George Holani,00-0039299,RB,rush_yds,21.061,0.0,5.171,14.569,30.344,49.332
2025_21_LA_SEA,SEA,LA,George Holani,00-0039299,RB,tgt,0.568,0.0,0.0,0.0,1.0,2.0
2025_21_LA_SEA,SEA,LA,George Holani,00-0039299,RB,rec,0.446,0.0,0.0,0.0,1.0,1.0
2025_21_LA_SEA,SEA,LA,George Holani,00-0039299,RB,rec_yds,3.401,0.0,0.0,0.0,3.02,11.917
2025_21_LA_SEA,SEA,LA,George Holani,00-0039299,RB,anytime_td,0.193,0.0,0.0,0.0,0.0,1.0
2025_21_LA_SEA,SEA,LA,Cam Akers,00-0036414,RB,car,3.889,0.0,1.0,3.0,6.0,9.0
2025_21_LA_SEA,SEA,LA,Cam Akers,00-0036414,RB,rush_yds,17.309,0.0,2.144,10.726,24.676,44.555
2025_21_LA_SEA,SEA,LA,Cam Akers,00-0036414,RB,tgt,0.588,0.0,0.0,0.0,1.0,2.0
2025_21_LA_SEA,SEA,LA,Cam Akers,00-0036414,RB,rec,0.444,0.0,0.0,0.0,1.0,1.0
2025_21_LA_SEA,SEA,LA,Cam Akers,00-0036414,RB,rec_yds,3.208,0.0,0.0,0.0,2.864,11.702
2025_21_LA_SEA,SEA,LA,Cam Akers,00-0036414,RB,anytime_td,0.149,0.0,0.0,0.0,0.0,1.0
2025_21_LA_SEA,LA,SEA,Matthew Stafford,00-0026498,QB,att,34.437,24.0,30.0,35.0,40.0,45.0
2025_21_LA_SEA,LA,SEA,Matthew Stafford,00-0026498,QB,cmp,21.349,14.0,18.0,22.0,26.0,29.0
2025_21_LA_SEA,LA,SEA,Matthew Stafford,00-0026498,QB,pass_yds,241.309,144.729,190.999,239.96,292.271,347.574
2025_21_LA_SEA,LA,SEA,Matthew Stafford,00-0026498,QB,pass_td,1.508,0.0,1.0,1.0,2.0,3.0
2025_21_LA_SEA,LA,SEA,Matthew Stafford,00-0026498,QB,ints,0.773,0.0,0.0,1.0,1.0,2.0
2025_21_LA_SEA,LA,SEA,Matthew Stafford,00-0026498,QB,car,1.434,0.0,0.0,1.0,2.0,4.0
2025_21_LA_SEA,LA,SEA,Matthew Stafford,00-0026498,QB,rush_yds,4.31,-1.0,0.0,0.0,6.561,15.849
2025_21_LA_SEA,LA,SEA,Matthew Stafford,00-0026498,QB,tgt,0.001,0.0,0.0,0.0,0.0,0.0
2025_21_LA_SEA,LA,SEA,Matthew Stafford,00-0026498,QB,rec,0.0,0.0,0.0,0.0,0.0,0.0
2025_21_LA_SEA,LA,SEA,Matthew Stafford,00-0026498,QB,rec_yds,0.001,0.0,0.0,0.0,0.0,0.0
2025_21_LA_SEA,LA,SEA,Matthew Stafford,00-0026498,QB,anytime_td,0.005,0.0,0.0,0.0,0.0,0.0
2025_21_LA_SEA,LA,SEA,Puka Nacua,00-0039075,WR,car,0.911,0.0,0.0,0.0,1.0,3.0
2025_21_LA_SEA,LA,SEA,Puka Nacua,00-0039075,WR,rush_yds,4.471,0.0,0.0,0.0,3.779,15.38
2025_21_LA_SEA,LA,SEA,Puka Nacua,00-0039075,WR,tgt,9.148,4.0,6.0,9.0,12.0,14.0
2025_21_LA_SEA,LA,SEA,Puka Nacua,00-0039075,WR,rec,6.043,3.0,4.0,6.0,8.0,10.0
2025_21_LA_SEA,LA,SEA,Puka Nacua,00-0039075,WR,rec_yds,76.376,23.616,43.332,69.49,102.569,135.914
2025_21_LA_SEA,LA,SEA,Puka Nacua,00-0039075,WR,anytime_td,0.376,0.0,0.0,0.0,1.0,1.0
2025_21_LA_SEA,LA,SEA,Colby Parkinson,00-0036244,TE,car,0.001,0.0,0.0,0.0,0.0,0.0
2025_21_LA_SEA,LA,SEA,Colby Parkinson,00-0036244,TE,rush_yds,0.002,0.0,0.0,0.0,0.0,0.0
2025_21_LA_SEA,LA,SEA,Colby Parkinson,00-0036244,TE,tgt,4.009,1.0,2.0,4.0,6.0,8.0
2025_21_LA_SEA,LA,SEA,Colby Parkinson,00-0036244,TE,rec,2.723,0.0,1.0,2.0,4.0,5.0
2025_21_LA_SEA,LA,SEA,Colby Parkinson,00-0036244,TE,rec_yds,28.745,0.0,9.788,23.672,41.887,62.532
2025_21_LA_SEA,LA,SEA,Colby Parkinson,00-0036244,TE,anytime_td,0.26,0.0,0.0,0.0,1.0,1.0
2025_21_LA_SEA,LA,SEA,Davis Allen,00-0039074,TE,car,0.003,0.0,0.0,0.0,0.0,0.0
2025_21_LA_SEA,LA,SEA,Davis Allen,00-0039074,TE,rush_yds,0.006,0.0,0.0,0.0,0.0,0.0
2025_21_LA_SEA,LA,SEA,Davis Allen,00-0039074,TE,tgt,1.293,0.0,0.0,1.0,2.0,3.0
2025_21_LA_SEA,LA,SEA,Davis Allen,00-0039074,TE,rec,0.893,0.0,0.0,1.0,1.0,2.0
2025_21_LA_SEA,LA,SEA,Davis Allen,00-0039074,TE,rec_yds,8.72,0.0,0.0,1.823,13.028,26.389
2025_21_LA_SEA,LA,SEA,Davis Allen,00-0039074,TE,anytime_td,0.04,0.0,0.0,0.0,0.0,0.0
2025_21_LA_SEA,LA,SEA,Davante Adams,00-0031381,WR,car,0.004,0.0,0.0,0.0,0.0,0.0
2025_21_LA_SEA,LA,SEA,Davante Adams,00-0031381,WR,rush_yds,0.014,0.0,0.0,0.0,0.0,0.0
2025_21_LA_SEA,LA,SEA,Davante Adams,00-0031381,WR,tgt,6.962,3.0,4.0,7.0,9.0,12.0
2025_21_LA_SEA,LA,SEA,Davante Adams,00-0031381,WR,rec,3.764,1.0,2.0,3.0,5.0,7.0
2025_21_LA_SEA,LA,SEA,Davante Adams,00-0031381,WR,rec_yds,46.889,8.132,20.658,40.282,66.112,93.429
2025_21_LA_SEA,LA,SEA,Davante Adams,00-0031381,WR,anytime_td,0.317,0.0,0.0,0.0,1.0,1.0
2025_21_LA_SEA,LA,SEA,Terrance Ferguson,00-0040737,TE,car,0.03,0.0,0.0,0.0,0.0,0.0
2025_21_LA_SEA,LA,SEA,Terrance Ferguson,00-0040737,TE,rush_yds,0.067,0.0,0.0,0.0,0.0,0.0
2025_21_LA_SEA,LA,SEA,Terrance Ferguson,00-0040737,TE,tgt,2.356,0.0,1.0,2.0,3.0,5.0
2025_21_LA_SEA,LA,SEA,Terrance Ferguson,00-0040737,TE,rec,1.444,0.0,0.0,1.0,2.0,3.0
2025_21_LA_SEA,LA,SEA,Terrance Ferguson,00-0040737,TE,rec_yds,16.918,0.0,0.0,10.875,25.656,43.797
2025_21_LA_SEA,LA,SEA,Terrance Ferguson,00-0040737,TE,anytime_td,0.137,0.0,0.0,0.0,0.0,1.0
2025_21_LA_SEA,LA,SEA,Kyren Williams,00-0037840,RB,car,12.347,5.0,8.0,12.0,16.0,20.0
2025_21_LA_SEA,LA,SEA,Kyren Williams,00-0037840,RB,rush_yds,52.444,15.225,27.675,45.862,69.794,97.083
2025_21_LA_SEA,LA,SEA,Kyren Williams,00-0037840,RB,tgt,2.745,0.0,1.0,2.0,4.0,6.0
2025_21_LA_SEA,LA,SEA,Kyren Williams,00-0037840,RB,rec,2.098,0.0,1.0,2.0,3.0,5.0
2025_21_LA_SEA,LA,SEA,Kyren Williams,00-0037840,RB,rec_yds,15.418,0.0,1.92,10.639,22.793,38.317
2025_21_LA_SEA,LA,SEA,Kyren Williams,00-0037840,RB,anytime_td,0.483,0.0,0.0,0.0,1.0,1.0
2025_21_LA_SEA,LA,SEA,Blake Corum,00-0039738,RB,car,7.399,2.0,4.0,7.0,10.0,14.0
2025_21_LA_SEA,LA,SEA,Blake Corum,00-0039738,RB,rush_yds,30.802,4.353,12.094,24.725,42.129,65.449
2025_21_LA_SEA,LA,SEA,Blake Corum,00-0039738,RB,tgt,0.751,0.0,0.0,0.0,1.0,2.0
2025_21_LA_SEA,LA,SEA,Blake Corum,00-0039738,RB,rec,0.58,0.0,0.0,0.0,1.0,2.0
2025_21_LA_SEA,LA,SEA,Blake Corum,00-0039738,RB,rec_yds,4.144,0.0,0.0,0.0,5.139,13.586
2025_21_LA_SEA,LA,SEA,Blake Corum,00-0039738,RB,anytime_td,0.263,0.0,0.0,0.0,1.0,1.0
2025_21_LA_SEA,LA,SEA,Konata Mumpfield,00-0040590,WR,car,0.004,0.0,0.0,0.0,0.0,0.0
2025_21_LA_SEA,LA,SEA,Konata Mumpfield,00-0040590,WR,rush_yds,0.013,0.0,0.0,0.0,0.0,0.0
2025_21_LA_SEA,LA,SEA,Konata Mumpfield,00-0040590,WR,tgt,1.762,0.0,0.0,1.0,3.0,4.0
2025_21_LA_SEA,LA,SEA,Konata Mumpfield,00-0040590,WR,rec,1.034,0.0,0.0,1.0,2.0,3.0
2025_21_LA_SEA,LA,SEA,Konata Mumpfield,00-0040590,WR,rec_yds,12.102,0.0,0.0,5.39,17.761,35.259
2025_21_LA_SEA,LA,SEA,Konata Mumpfield,00-0040590,WR,anytime_td,0.032,0.0,0.0,0.0,0.0,0.0
2025_21_LA_SEA,LA,SEA,Tyler Higbee,00-0033110,TE,car,0.003,0.0,0.0,0.0,0.0,0.0
2025_21_LA_SEA,LA,SEA,Tyler Higbee,00-0033110,TE,rush_yds,0.006,0.0,0.0,0.0,0.0,0.0
2025_21_LA_SEA,LA,SEA,Tyler Higbee,00-0033110,TE,tgt,3.12,1.0,1.0,3.0,4.0,6.0
2025_21_LA_SEA,LA,SEA,Tyler Higbee,00-0033110,TE,rec,2.172,0.0,1.0,2.0,3.0,5.0
2025_21_LA_SEA,LA,SEA,Tyler Higbee,00-0033110,TE,rec_yds,24.491,0.0,6.52,18.619,36.242,56.236
2025_21_LA_SEA,LA,SEA,Tyler Higbee,00-0033110,TE,anytime_td,0.138,0.0,0.0,0.0,0.0,1.0
2025_21_LA_SEA,LA,SEA,Xavier Smith,00-0038359,WR,car,0.022,0.0,0.0,0.0,0.0,0.0
2025_21_LA_SEA,LA,SEA,Xavier Smith,00-0038359,WR,rush_yds,0.111,0.0,0.0,0.0,0.0,0.0
2025_21_LA_SEA,LA,SEA,Xavier Smith,00-0038359,WR,tgt,1.305,0.0,0.0,1.0,2.0,3.0
2025_21_LA_SEA,LA,SEA,Xavier Smith,00-0038359,WR,rec,0.84,0.0,0.0,1.0,1.0,2.0
2025_21_LA_SEA,LA,SEA,Xavier Smith,00-0038359,WR,rec_yds,10.981,0.0,0.0,0.0,16.44,33.591
2025_21_LA_SEA,LA,SEA,Xavier Smith,00-0038359,WR,anytime_td,0.01,0.0,0.0,0.0,0.0,0.0
2025_21_LA_SEA,LA,SEA,Ronnie Rivers,00-0037557,RB,car,2.497,0.0,0.0,2.0,4.0,6.0
2025_21_LA_SEA,LA,SEA,Ronnie Rivers,00-0037557,RB,rush_yds,10.131,0.0,0.0,4.758,13.833,28.086
2025_21_LA_SEA,LA,SEA,Ronnie Rivers,00-0037557,RB,tgt,0.344,0.0,0.0,0.0,0.0,1.0
2025_21_LA_SEA,LA,SEA,Ronnie Rivers,00-0037557,RB,rec,0.267,0.0,0.0,0.0,0.0,1.0
2025_21_LA_SEA,LA,SEA,Ronnie Rivers,00-0037557,RB,rec_yds,1.907,0.0,0.0,0.0,0.0,6.998
2025_21_LA_SEA,LA,SEA,Ronnie Rivers,00-0037557,RB,anytime_td,0.054,0.0,0.0,0.0,0.0,0.0
2025_21_LA_SEA,LA,SEA,Jordan Whittington,00-0039751,WR,car,0.17,0.0,0.0,0.0,0.0,0.0
2025_21_LA_SEA,LA,SEA,Jordan Whittington,00-0039751,WR,rush_yds,0.934,0.0,0.0,0.0,0.0,0.0
2025_21_LA_SEA,LA,SEA,Jordan Whittington,00-0039751,WR,tgt,1.152,0.0,0.0,1.0,2.0,3.0
2025_21_LA_SEA,LA,SEA,Jordan Whittington,00-0039751,WR,rec,0.744,0.0,0.0,0.0,1.0,2.0
2025_21_LA_SEA,LA,SEA,Jordan Whittington,00-0039751,WR,rec_yds,8.93,0.0,0.0,0.0,12.955,28.788
2025_21_LA_SEA,LA,SEA,Jordan Whittington,00-0039751,WR,anytime_td,0.011,0.0,0.0,0.0,0.0,0.0
2025_21_NE_DEN,DEN,NE,Jarrett Stidham,00-0035264,QB,att,32.242,22.0,28.0,33.0,38.0,43.0
2025_21_NE_DEN,DEN,NE,Jarrett Stidham,00-0035264,QB,cmp,20.053,13.0,17.0,20.0,24.0,28.0
2025_21_NE_DEN,DEN,NE,Jarrett Stidham,00-0035264,QB,pass_yds,218.106,123.743,170.894,215.811,267.745,317.157
2025_21_NE_DEN,DEN,NE,Jarrett Stidham,00-0035264,QB,pass_td,1.454,0.0,1.0,1.0,2.0,3.0
2025_21_NE_DEN,DEN,NE,Jarrett Stidham,00-0035264,QB,ints,0.777,0.0,0.0,1.0,1.0,2.0
2025_21_NE_DEN,DEN,NE,Jarrett Stidham,00-0035264,QB,car,2.819,0.0,1.0,3.0,4.0,5.0
2025_21_NE_DEN,DEN,NE,Jarrett Stidham,00-0035264,QB,rush_yds,14.788,0.0,2.976,10.934,22.849,35.771
2025_21_NE_DEN,DEN,NE,Jarrett Stidham,00-0035264,QB,tgt,0.001,0.0,0.0,0.0,0.0,0.0
2025_21_NE_DEN,DEN,NE,Jarrett Stidham,00-0035264,QB,rec,0.001,0.0,0.0,0.0,0.0,0.0
2025_21_NE_DEN,DEN,NE,Jarrett Stidham,00-0035264,QB,rec_yds,0.005,0.0,0.0,0.0,0.0,0.0
2025_21_NE_DEN,DEN,NE,Jarrett Stidham,00-0035264,QB,anytime_td,0.011,0.0,0.0,0.0,0.0,0.0
2025_21_NE_DEN,DEN,NE,Courtland Sutton,00-0034348,WR,car,0.008,0.0,0.0,0.0,0.0,0.0
2025_21_NE_DEN,DEN,NE,Courtland Sutton,00-0034348,WR,rush_yds,0.049,0.0,0.0,0.0,0.0,0.0
2025_21_NE_DEN,DEN,NE,Courtland Sutton,00-0034348,WR,tgt,7.108,3.0,5.0,7.0,9.0,12.0
2025_21_NE_DEN,DEN,NE,Courtland Sutton,00-0034348,WR,rec,4.049,1.0,2.0,4.0,5.0,7.0
2025_21_NE_DEN,DEN,NE,Courtland Sutton,00-0034348,WR,rec_yds,52.786,10.62,24.48,45.713,73.889,103.73
2025_21_NE_DEN,DEN,NE,Courtland Sutton,00-0034348,WR,anytime_td,0.257,0.0,0.0,0.0,1.0,1.0
2025_21_NE_DEN,DEN,NE,Lil'Jordan Humphrey,00-0035406,WR,car,0.012,0.0,0.0,0.0,0.0,0.0
2025_21_NE_DEN,DEN,NE,Lil'Jordan Humphrey,00-0035406,WR,rush_yds,0.062,0.0,0.0,0.0,0.0,0.0
2025_21_NE_DEN,DEN,NE,Lil'Jordan Humphrey,00-0035406,WR,tgt,2.576,0.0,1.0,2.0,4.0,5.0
2025_21_NE_DEN,DEN,NE,Lil'Jordan Humphrey,00-0035406,WR,rec,1.494,0.0,0.0,1.0,2.0,3.0
2025_21_NE_DEN,DEN,NE,Lil'Jordan Humphrey,00-0035406,WR,rec_yds,19.066,0.0,0.0,11.991,28.882,49.507
2025_21_NE_DEN,DEN,NE,Lil'Jordan Humphrey,00-0035406,WR,anytime_td,0.194,0.0,0.0,0.0,0.0,1.0
2025_21_NE_DEN,DEN,NE,Marvin Mims Jr.,00-0038976,WR,car,0.822,0.0,0.0,0.0,1.0,3.0
2025_21_NE_DEN,DEN,NE,Marvin Mims Jr.,00-0038976,WR,rush_yds,4.532,0.0,0.0,0.0,3.444,16.442
2025_21_NE_DEN,DEN,NE,Marvin Mims Jr.,00-0038976,WR,tgt,3.649,1.0,2.0,3.0,5.0,7.0
2025_21_NE_DEN,DEN,NE,Marvin Mims Jr.,00-0038976,WR,rec,2.549,0.0,1.0,2.0,4.0,5.0
2025_21_NE_DEN,DEN,NE,Marvin Mims Jr.,00-0038976,WR,rec_yds,28.944,0.0,8.452,22.497,41.81,65.654
2025_21_NE_DEN,DEN,NE,Marvin Mims Jr.,00-0038976,WR,anytime_td,0.169,0.0,0.0,0.0,0.0,1.0
2025_21_NE_DEN,DEN,NE,Adam Trautman,00-0036422,TE,car,0.003,0.0,0.0,0.0,0.0,0.0
2025_21_NE_DEN,DEN,NE,Adam Trautman,00-0036422,TE,rush_yds,0.001,0.0,0.0,0.0,0.0,0.0
2025_21_NE_DEN,DEN,NE,Adam Trautman,00-0036422,TE,tgt,1.404,0.0,0.0,1.0,2.0,3.0
2025_21_NE_DEN,DEN,NE,Adam Trautman,00-0036422,TE,rec,0.966,0.0,0.0,1.0,1.0,2.0
2025_21_NE_DEN,DEN,NE,Adam Trautman,00-0036422,TE,rec_yds,10.035,0.0,0.0,3.888,15.65,29.348
2025_21_NE_DEN,DEN,NE,Adam Trautman,00-0036422,TE,anytime_td,0.027,0.0,0.0,0.0,0.0,0.0
2025_21_NE_DEN,DEN,NE,RJ Harvey,00-0040730,RB,car,12.563,6.0,8.0,12.0,16.0,20.0
2025_21_NE_DEN,DEN,NE,RJ Harvey,00-0040730,RB,rush_yds,46.04,14.141,24.726,40.047,61.15,85.092
2025_21_NE_DEN,DEN,NE,RJ Harvey,00-0040730,RB,tgt,3.73,1.0,2.0,3.0,5.0,7.0
2025_21_NE_DEN,DEN,NE,RJ Harvey,00-0040730,RB,rec,2.827,1.0,1.0,3.0,4.0,6.0
2025_21_NE_DEN,DEN,NE,RJ Harvey,00-0040730,RB,rec_yds,22.554,0.0,6.781,17.037,33.026,51.292
2025_21_NE_DEN,DEN,NE,RJ Harvey,00-0040730,RB,anytime_td,0.434,0.0,0.0,0.0,1.0,1.0
2025_21_NE_DEN,DEN,NE,Evan Engram,00-0033881,TE,car,0.028,0.0,0.0,0.0,0.0,0.0
2025_21_NE_DEN,DEN,NE,Evan Engram,00-0033881,TE,rush_yds,0.068,0.0,0.0,0.0,0.0,0.0
2025_21_NE_DEN,DEN,NE,Evan Engram,00-0033881,TE,tgt,4.074,1.0,2.0,4.0,6.0,7.0
2025_21_NE_DEN,DEN,NE,Evan Engram,00-0033881,TE,rec,2.693,0.0,1.0,2.0,4.0,5.0
2025_21_NE_DEN,DEN,NE,Evan Engram,00-0033881,TE,rec_yds,27.498,0.0,9.321,22.359,40.508,60.386
2025_21_NE_DEN,DEN,NE,Evan Engram,00-0033881,TE,anytime_td,0.065,0.0,0.0,0.0,0.0,0.0
2025_21_NE_DEN,DEN,NE,Tyler Badie,00-0037085,RB,car,1.068,0.0,0.0,0.0,1.0,3.0
2025_21_NE_DEN,DEN,NE,Tyler Badie,00-0037085,RB,rush_yds,4.3,0.0,0.0,0.0,4.48,14.097
2025_21_NE_DEN,DEN,NE,Tyler Badie,00-0037085,RB,tgt,1.66,0.0,0.0,1.0,2.0,4.0
2025_21_NE_DEN,DEN,NE,Tyler Badie,00-0037085,RB,rec,1.199,0.0,0.0,1.0,2.0,3.0
2025_21_NE_DEN,DEN,NE,Tyler Badie,00-0037085,RB,rec_yds,8.752,0.0,0.0,4.204,13.074,24.932
2025_21_NE_DEN,DEN,NE,Tyler Badie,00-0037085,RB,anytime_td,0.033,0.0,0.0,0.0,0.0,0.0
2025_21_NE_DEN,DEN,NE,Nate Adkins,00-0038783,TE,car,0.005,0.0,0.0,0.0,0.0,0.0
2025_21_NE_DEN,DEN,NE,Nate Adkins,00-0038783,TE,rush_yds,0.012,0.0,0.0,0.0,0.0,0.0
2025_21_NE_DEN,DEN,NE,Nate Adkins,00-0038783,TE,tgt,1.014,0.0,0.0,1.0,2.0,3.0
2025_21_NE_DEN,DEN,NE,Nate Adkins,00-0038783,TE,rec,0.693,0.0,0.0,0.0,1.0,2.0
2025_21_NE_DEN,DEN,NE,Nate Adkins,00-0038783,TE,rec_yds,6.889,0.0,0.0,0.0,10.01,22.591
2025_21_NE_DEN,DEN,NE,Nate Adkins,00-0038783,TE,anytime_td,0.055,0.0,0.0,0.0,0.0,0.0
2025_21_NE_DEN,DEN,NE,Adam Prentice,00-0036727,RB,car,0.972,0.0,0.0,0.0,1.0,3.0
2025_21_NE_DEN,DEN,NE,Adam Prentice,00-0036727,RB,rush_yds,4.004,0.0,0.0,0.0,4.027,12.986
2025_21_NE_DEN,DEN,NE,Adam Prentice,00-0036727,RB,tgt,0.528,0.0,0.0,0.0,1.0,2.0
2025_21_NE_DEN,DEN,NE,Adam Prentice,00-0036727,RB,rec,0.388,0.0,0.0,0.0,1.0,1.0
2025_21_NE_DEN,DEN,NE,Adam Prentice,00-0036727,RB,rec_yds,3.004,0.0,0.0,0.0,0.0,10.671
2025_21_NE_DEN,DEN,NE,Adam Prentice,00-0036727,RB,anytime_td,0.025,0.0,0.0,0.0,0.0,0.0
2025_21_NE_DEN,DEN,NE,Jaleel McLaughlin,00-0038794,RB,car,6.469,2.0,3.0,6.0,9.0,13.0
2025_21_NE_DEN,DEN,NE,Jaleel McLaughlin,00-0038794,RB,rush_yds,28.572,2.888,9.687,22.132,40.005,62.923
2025_21_NE_DEN,DEN,NE,Jaleel McLaughlin,00-0038794,RB,tgt,0.844,0.0,0.0,0.0,1.0,2.0
2025_21_NE_DEN,DEN,NE,Jaleel McLaughlin,00-0038794,RB,rec,0.614,0.0,0.0,0.0,1.0,2.0
2025_21_NE_DEN,DEN,NE,Jaleel McLaughlin,00-0038794,RB,rec_yds,4.669,0.0,0.0,0.0,6.185,15.82
2025_21_NE_DEN,DEN,NE,Jaleel McLaughlin,00-0038794,RB,anytime_td,0.129,0.0,0.0,0.0,0.0,1.0
2025_21_NE_DEN,DEN,NE,Pat Bryant,00-0040134,WR,car,0.009,0.0,0.0,0.0,0.0,0.0
2025_21_NE_DEN,DEN,NE,Pat Bryant,00-0040134,WR,rush_yds,0.047,0.0,0.0,0.0,0.0,0.0
2025_21_NE_DEN,DEN,NE,Pat Bryant,00-0040134,WR,tgt,3.763,1.0,2.0,3.0,5.0,7.0
2025_21_NE_DEN,DEN,NE,Pat Bryant,00-0040134,WR,rec,2.384,0.0,1.0,2.0,3.0,5.0
2025_21_NE_DEN,DEN,NE,Pat Bryant,00-0040134,WR,rec_yds,29.325,0.0,8.237,22.721,42.74,66.754
2025_21_NE_DEN,DEN,NE,Pat Bryant,00-0040134,WR,anytime_td,0.098,0.0,0.0,0.0,0.0,0.0
2025_21_NE_DEN,DEN,NE,Elijah Moore,00-0036980,WR,car,0.504,0.0,0.0,0.0,0.0,2.0
2025_21_NE_DEN,DEN,NE,Elijah Moore,00-0036980,WR,rush_yds,2.679,0.0,0.0,0.0,0.0,9.22
2025_21_NE_DEN,DEN,NE,Elijah Moore,00-0036980,WR,tgt,2.59,0.0,1.0,2.0,4.0,5.0
2025_21_NE_DEN,DEN,NE,Elijah Moore,00-0036980,WR,rec,1.523,0.0,0.0,1.0,2.0,3.0
2025_21_NE_DEN,DEN,NE,Elijah Moore,00-0036980,WR,rec_yds,19.185,0.0,0.0,12.272,28.885,49.266
2025_21_NE_DEN,DEN,NE,Elijah Moore,00-0036980,WR,anytime_td,0.072,0.0,0.0,0.0,0.0,0.0
2025_21_NE_DEN,NE,DEN,Drake Maye,00-0039851,QB,att,29.407,20.0,25.0,30.0,35.0,39.0
2025_21_NE_DEN,NE,DEN,Drake Maye,00-0039851,QB,cmp,18.979,12.0,16.0,19.0,23.0,26.0
2025_21_NE_DEN,NE,DEN,Drake Maye,00-0039851,QB,pass_yds,220.694,127.654,171.243,219.627,269.783,320.828
2025_21_NE_DEN,NE,DEN,Drake Maye,00-0039851,QB,pass_td,1.517,0.0,1.0,1.0,2.0,3.0
2025_21_NE_DEN,NE,DEN,Drake Maye,00-0039851,QB,ints,0.654,0.0,0.0,0.0,1.0,2.0
2025_21_NE_DEN,NE,DEN,Drake Maye,00-0039851,QB,car,5.271,2.0,3.0,5.0,7.0,9.0
2025_21_NE_DEN,NE,DEN,Drake Maye,00-0039851,QB,rush_yds,28.581,3.175,12.42,24.841,40.483,57.548
2025_21_NE_DEN,NE,DEN,Drake Maye,00-0039851,QB,tgt,0.0,0.0,0.0,0.0,0.0,0.0
2025_21_NE_DEN,NE,DEN,Drake Maye,00-0039851,QB,rec,0.0,0.0,0.0,0.0,0.0,0.0
2025_21_NE_DEN,NE,DEN,Drake Maye,00-0039851,QB,rec_yds,0.0,0.0,0.0,0.0,0.0,0.0
2025_21_NE_DEN,NE,DEN,Drake Maye,00-0039851,QB,anytime_td,0.179,0.0,0.0,0.0,0.0,1.0
2025_21_NE_DEN,NE,DEN,Rhamondre Stevenson,00-0036875,RB,car,9.929,4.0,6.0,9.0,13.0,17.0
2025_21_NE_DEN,NE,DEN,Rhamondre Stevenson,00-0036875,RB,rush_yds,44.839,10.49,21.016,38.53,61.146,87.142
2025_21_NE_DEN,NE,DEN,Rhamondre Stevenson,00-0036875,RB,tgt,2.918,0.0,1.0,3.0,4.0,6.0
2025_21_NE_DEN,NE,DEN,Rhamondre Stevenson,00-0036875,RB,rec,2.304,0.0,1.0,2.0,3.0,5.0
2025_21_NE_DEN,NE,DEN,Rhamondre Stevenson,00-0036875,RB,rec_yds,19.88,0.0,3.618,14.215,29.477,47.35
2025_21_NE_DEN,NE,DEN,Rhamondre Stevenson,00-0036875,RB,anytime_td,0.418,0.0,0.0,0.0,1.0,1.0
2025_21_NE_DEN,NE,DEN,Hunter Henry,00-0033090,TE,car,0.003,0.0,0.0,0.0,0.0,0.0
2025_21_NE_DEN,NE,DEN,Hunter Henry,00-0033090,TE,rush_yds,0.006,0.0,0.0,0.0,0.0,0.0
2025_21_NE_DEN,NE,DEN,Hunter Henry,00-0033090,TE,tgt,4.755,2.0,3.0,4.0,6.0,8.0
2025_21_NE_DEN,NE,DEN,Hunter Henry,00-0033090,TE,rec,3.294,1.0,2.0,3.0,5.0,6.0
2025_21_NE_DEN,NE,DEN,Hunter Henry,00-0033090,TE,rec_yds,38.094,5.249,15.858,32.611,54.205,77.966
2025_21_NE_DEN,NE,DEN,Hunter Henry,00-0033090,TE,anytime_td,0.271,0.0,0.0,0.0,1.0,1.0
2025_21_NE_DEN,NE,DEN,Kayshon Boutte,00-0038608,WR,car,0.005,0.0,0.0,0.0,0.0,0.0
2025_21_NE_DEN,NE,DEN,Kayshon Boutte,00-0038608,WR,rush_yds,0.018,0.0,0.0,0.0,0.0,0.0
2025_21_NE_DEN,NE,DEN,Kayshon Boutte,00-0038608,WR,tgt,3.476,1.0,2.0,3.0,5.0,7.0
2025_21_NE_DEN,NE,DEN,Kayshon Boutte,00-0038608,WR,rec,2.217,0.0,1.0,2.0,3.0,5.0
2025_21_NE_DEN,NE,DEN,Kayshon Boutte,00-0038608,WR,rec_yds,31.924,0.0,8.221,24.416,47.275,73.632
2025_21_NE_DEN,NE,DEN,Kayshon Boutte,00-0038608,WR,anytime_td,0.249,0.0,0.0,0.0,0.0,1.0
2025_21_NE_DEN,NE,DEN,Mack Hollins,00-0033555,WR,car,0.045,0.0,0.0,0.0,0.0,0.0
2025_21_NE_DEN,NE,DEN,Mack Hollins,00-0033555,WR,rush_yds,0.218,0.0,0.0,0.0,0.0,0.0
2025_21_NE_DEN,NE,DEN,Mack Hollins,00-0033555,WR,tgt,4.987,2.0,3.0,5.0,7.0,9.0
2025_21_NE_DEN,NE,DEN,Mack Hollins,00-0033555,WR,rec,3.148,1.0,2.0,3.0,4.0,6.0
2025_21_NE_DEN,NE,DEN,Mack Hollins,00-0033555,WR,rec_yds,38.771,4.825,14.914,32.186,55.974,80.902
2025_21_NE_DEN,NE,DEN,Mack Hollins,00-0033555,WR,anytime_td,0.11,0.0,0.0,0.0,0.0,1.0
2025_21_NE_DEN,NE,DEN,Stefon Diggs,00-0031588,WR,car,0.014,0.0,0.0,0.0,0.0,0.0
2025_21_NE_DEN,NE,DEN,Stefon Diggs,00-0031588,WR,rush_yds,0.055,0.0,0.0,0.0,0.0,0.0
2025_21_NE_DEN,NE,DEN,Stefon Diggs,00-0031588,WR,tgt,5.666,2.0,3.0,5.0,7.0,10.0
2025_21_NE_DEN,NE,DEN,Stefon Diggs,00-0031588,WR,rec,3.807,1.0,2.0,3.0,5.0,7.0
2025_21_NE_DEN,NE,DEN,Stefon Diggs,00-0031588,WR,rec_yds,47.098,8.375,20.844,40.52,65.898,94.761
2025_21_NE_DEN,NE,DEN,Stefon Diggs,00-0031588,WR,anytime_td,0.231,0.0,0.0,0.0,0.0,1.0
2025_21_NE_DEN,NE,DEN,Austin Hooper,00-0032392,TE,car,0.001,0.0,0.0,0.0,0.0,0.0
2025_21_NE_DEN,NE,DEN,Austin Hooper,00-0032392,TE,rush_yds,0.0,0.0,0.0,0.0,0.0,0.0
2025_21_NE_DEN,NE,DEN,Austin Hooper,00-0032392,TE,tgt,1.873,0.0,1.0,1.0,3.0,4.0
2025_21_NE_DEN,NE,DEN,Austin Hooper,00-0032392,TE,rec,1.249,0.0,0.0,1.0,2.0,3.0
2025_21_NE_DEN,NE,DEN,Austin Hooper,00-0032392,TE,rec_yds,13.263,0.0,0.0,7.775,20.673,35.549
2025_21_NE_DEN,NE,DEN,Austin Hooper,00-0032392,TE,anytime_td,0.091,0.0,0.0,0.0,0.0,0.0
2025_21_NE_DEN,NE,DEN,Kyle Williams,00-0040131,WR,car,0.111,0.0,0.0,0.0,0.0,0.0
2025_21_NE_DEN,NE,DEN,Kyle Williams,00-0040131,WR,rush_yds,0.565,0.0,0.0,0.0,0.0,0.0
2025_21_NE_DEN,NE,DEN,Kyle Williams,00-0040131,WR,tgt,1.714,0.0,0.0,1.0,3.0,4.0
2025_21_NE_DEN,NE,DEN,Kyle Williams,00-0040131,WR,rec,0.971,0.0,0.0,1.0,1.0,3.0
2025_21_NE_DEN,NE,DEN,Kyle Williams,00-0040131,WR,rec_yds,12.991,0.0,0.0,5.424,19.165,37.701
2025_21_NE_DEN,NE,DEN,Kyle Williams,00-0040131,WR,anytime_td,0.104,0.0,0.0,0.0,0.0,1.0
2025_21_NE_DEN,NE,DEN,DeMario Douglas,00-0038621,WR,car,0.291,0.0,0.0,0.0,0.0,1.0
2025_21_NE_DEN,NE,DEN,DeMario Douglas,00-0038621,WR,rush_yds,1.414,0.0,0.0,0.0,0.0,2.711
2025_21_NE_DEN,NE,DEN,DeMario Douglas,00-0038621,WR,tgt,2.363,0.0,1.0,2.0,3.0,5.0
2025_21_NE_DEN,NE,DEN,DeMario Douglas,00-0038621,WR,rec,1.531,0.0,0.0,1.0,2.0,3.0
2025_21_NE_DEN,NE,DEN,DeMario Douglas,00-0038621,WR,rec_yds,20.194,0.0,0.0,12.839,30.589,51.537
2025_21_NE_DEN,NE,DEN,DeMario Douglas,00-0038621,WR,anytime_td,0.15,0.0,0.0,0.0,0.0,1.0
2025_21_NE_DEN,NE,DEN,TreVeyon Henderson,00-0040734,RB,car,11.602,5.0,8.0,11.0,15.0,19.0
2025_21_NE_DEN,NE,DEN,TreVeyon Henderson,00-0040734,RB,rush_yds,47.248,13.241,23.968,40.784,62.815,89.607
2025_21_NE_DEN,NE,DEN,TreVeyon Henderson,00-0040734,RB,tgt,1.812,0.0,1.0,1.0,3.0,4.0
2025_21_NE_DEN,NE,DEN,TreVeyon Henderson,00-0040734,RB,rec,1.365,0.0,0.0,1.0,2.0,3.0
2025_21_NE_DEN,NE,DEN,TreVeyon Henderson,00-0040734,RB,rec_yds,9.556,0.0,0.0,5.104,14.126,27.087
2025_21_NE_DEN,NE,DEN,TreVeyon Henderson,00-0040734,RB,anytime_td,0.371,0.0,0.0,0.0,1.0,1.0
