game_id,team,opp,home,vegas_implied,points,win_prob,plays,pass_att,cmp,pass_yds,sacks,ints,rush_att,rush_yds,pass_td,rush_td,fg
2025_04_SEA_ARI,ARI,SEA,1,23.12,23.52,0.53,60.99,32.42,21.66,229.51,2.23,0.69,26.72,116.36,1.56,0.92,1.72
2025_04_SEA_ARI,SEA,ARI,0,22.46,22.78,0.47,60.18,32.78,21.98,234.68,2.17,0.7,25.83,106.63,1.39,0.99,1.72
2025_04_BAL_KC,KC,BAL,1,24.79,25.19,0.42,61.12,34.34,22.63,248.89,2.37,0.69,24.84,115.04,1.75,0.94,1.75
2025_04_BAL_KC,BAL,KC,0,26.84,27.42,0.58,60.41,29.52,20.25,237.53,2.8,0.57,28.51,133.81,1.81,1.17,1.78
2025_04_CAR_NE,NE,CAR,1,22.31,22.44,0.62,61.11,31.37,20.68,223.9,2.72,0.68,27.56,126.92,1.55,0.77,1.75
2025_04_CAR_NE,CAR,NE,0,18.9,18.95,0.38,60.13,33.36,21.56,218.68,2.18,0.74,25.06,101.13,1.18,0.7,1.7
2025_04_CHI_LV,LV,CHI,1,23.26,23.48,0.54,61.21,33.36,22.26,249.76,2.89,0.79,25.55,109.86,1.64,0.82,1.75
2025_04_CHI_LV,CHI,LV,0,22.35,22.42,0.46,60.71,32.86,21.61,237.24,2.74,0.67,25.54,110.51,1.53,0.8,1.75
2025_04_CLE_DET,DET,CLE,1,31.13,32.07,0.88,62.5,30.41,21.66,258.61,1.95,0.55,31.21,145.36,2.01,1.59,1.8
2025_04_CLE_DET,CLE,DET,0,16.87,16.62,0.12,61.29,37.95,23.5,233.25,2.63,0.97,20.97,81.79,1.07,0.53,1.63
2025_04_GB_DAL,DAL,GB,1,21.92,21.89,0.38,62.26,35.88,23.7,240.65,2.19,0.83,24.69,102.64,1.44,0.83,1.7
2025_04_GB_DAL,GB,DAL,0,25.49,25.7,0.62,60.47,30.55,20.98,239.79,2.27,0.63,28.41,122.61,1.56,1.21,1.73
2025_04_IND_LA,LA,IND,1,27.09,27.9,0.55,61.06,33.44,22.73,257.71,2.08,0.77,26.23,116.51,1.84,1.21,1.77
2025_04_IND_LA,IND,LA,0,25.66,26.26,0.45,61.84,31.76,21.05,242.23,2.17,0.64,28.3,130.55,1.48,1.34,1.8
2025_04_JAX_SF,SF,JAX,1,24.1,24.54,0.67,61.62,33.54,22.2,248.64,2.11,0.79,26.69,114.74,1.73,0.88,1.73
2025_04_JAX_SF,JAX,SF,0,19.18,19.09,0.33,60.81,34.25,21.85,218.91,1.78,0.79,25.22,102.88,1.18,0.72,1.67
2025_04_LAC_NYG,NYG,LAC,1,19.57,19.62,0.34,60.38,33.73,21.03,219.58,2.52,0.83,24.48,101.46,1.28,0.69,1.68
2025_04_LAC_NYG,LAC,NYG,0,24.36,24.69,0.66,61.7,34.05,22.75,252.29,2.74,0.67,25.61,111.39,1.73,0.9,1.75
2025_04_MIN_PIT,PIT,MIN,1,20.45,20.5,0.45,59.38,31.42,20.41,210.74,2.6,0.75,25.95,103.85,1.35,0.73,1.72
2025_04_MIN_PIT,MIN,PIT,0,21.78,21.93,0.55,60.15,30.83,20.47,219.15,3.05,0.7,26.9,114.84,1.41,0.86,1.72
2025_04_NO_BUF,BUF,NO,1,31.38,32.12,0.88,62.94,30.34,21.21,256.7,1.76,0.48,31.66,152.21,1.96,1.65,1.78
2025_04_NO_BUF,NO,BUF,0,16.81,16.75,0.12,60.71,34.26,21.72,208.19,2.28,0.78,24.34,101.27,1.05,0.56,1.65
2025_04_PHI_TB,TB,PHI,1,25.44,25.87,0.57,62.02,32.07,21.19,237.15,2.13,0.67,28.42,131.32,1.81,0.97,1.76
2025_04_PHI_TB,PHI,TB,0,23.34,23.58,0.43,61.24,30.33,20.35,221.08,2.66,0.6,28.45,123.93,1.28,1.21,1.73
2025_04_TEN_HOU,HOU,TEN,1,23.5,23.85,0.73,59.85,31.82,21.21,233.14,2.7,0.7,26.16,119.26,1.6,0.91,1.76
2025_04_TEN_HOU,TEN,HOU,0,16.3,16.37,0.27,60.25,31.86,19.46,192.4,3.32,0.75,25.42,98.56,1.0,0.57,1.61
2025_04_WAS_ATL,ATL,WAS,1,22.57,22.82,0.44,62.31,32.65,20.77,230.93,2.0,0.73,28.21,124.87,1.33,1.06,1.72
2025_04_WAS_ATL,WAS,ATL,0,24.3,24.68,0.56,61.4,31.72,21.17,228.0,2.67,0.62,27.33,124.46,1.57,1.05,1.79
2025_04_CIN_DEN,DEN,CIN,1,25.64,26.07,0.72,60.94,32.09,21.5,239.75,1.81,0.72,27.71,126.69,1.82,0.99,1.76
2025_04_CIN_DEN,CIN,DEN,0,18.86,19.09,0.28,60.73,35.86,22.96,230.16,3.04,0.92,22.2,86.01,1.32,0.59,1.67
2025_04_NYJ_MIA,MIA,NYJ,1,23.34,23.61,0.62,60.38,33.31,22.15,238.13,2.4,0.73,25.47,104.77,1.68,0.82,1.72
2025_04_NYJ_MIA,NYJ,MIA,0,19.64,19.93,0.38,59.67,31.75,20.96,219.27,2.62,0.66,25.53,110.34,1.3,0.71,1.69
